{"audio_files": [

{    
    "type": "audio",
    "key": "welcome",
    "urls": ["assets/audio/welcome.mp3"],
    "autoDecode":true
},
{    
    "type": "audio",
    "key": "apron",
    "urls": ["assets/audio/apron.m4a"],
    "autoDecode":true
},
{    
    "type": "audio",
    "key": "cake",
    "urls": ["assets/audio/cake.m4a"],
    "autoDecode":true
},
{    
    "type": "audio",
    "key": "car",
    "urls": ["assets/audio/car.m4a"],
    "autoDecode":true
},
{    
    "type": "audio",
    "key": "carp",
    "urls": ["assets/audio/carp.m4a"],
    "autoDecode":true
},
{    
    "type": "audio",
    "key": "cat",
    "urls": ["assets/audio/cat.m4a"],
    "autoDecode":true
},
{    
    "type": "audio",
    "key": "cat_noun",
    "urls": ["assets/audio/cat_noun.m4a"],
    "autoDecode":true
},
{    
    "type": "audio",
    "key": "explore_together",
    "urls": ["assets/audio/explore_together.m4a"],
    "autoDecode":true
},
{    
    "type": "audio",
    "key": "teach",
    "urls": ["assets/audio/teach.m4a"],
    "autoDecode":true
},
{    
    "type": "audio",
    "key": "hello_daniel2",
    "urls": ["assets/audio/hello_daniel2.m4a"],
    "autoDecode":true
},
{    
    "type": "audio",
    "key": "buzz",
    "urls": ["assets/audio/bzzzt.wav"],
    "autoDecode":true
},
{    
    "type": "audio",
    "key": "ding",
    "urls": ["assets/audio/sd_0.wav"],
    "autoDecode":true
},
{    
    "type": "audio",
    "key": "bernard_vo",
    "urls": ["assets/audio/ENGLISH_Bernard.mp3"],
    "autoDecode":true
},
{    
    "type": "audio",
    "key": "eugene_vo",
    "urls": ["assets/audio/ENGLISH_Eugene.mp3"],
    "autoDecode":true
},
{    
    "type": "audio",
    "key": "samantha_vo",
    "urls": ["assets/audio/ENGLISH_Samantha.mp3"],
    "autoDecode":true
},
{    
    "type": "audio",
    "key": "sandy_vo",
    "urls": ["assets/audio/ENGLISH_Sandy.mp3"],
    "autoDecode":true
}

],
"dan_character":[
{    
    "type": "image",
    "key": "dan_base",
    "url": "assets/images/dan/dan_base.png",
    "overwrite":false
},
{    
    "type": "image",
    "key": "dan_ah",
    "url": "assets/images/dan/dan_ah.png",
    "overwrite":false
},
{    
    "type": "image",
    "key": "dan_llu",
    "url": "assets/images/dan/dan_llu.png",
    "overwrite":false
},
{    
    "type": "image",
    "key": "dan_mm",
    "url": "assets/images/dan/dan_mm.png",
    "overwrite":false
},
{    
    "type": "image",
    "key": "dan_oh",
    "url": "assets/images/dan/dan_oh.png",
    "overwrite":false
}

],
"daniel_character":[
{    
    "type": "image",
    "key": "daniel_base",
    "url": "assets/images/dan/daniel_base.png",
    "overwrite":false
},
{    
    "type": "image",
    "key": "dan_ah",
    "url": "assets/images/dan/dan_ah.png",
    "overwrite":false
},
{    
    "type": "image",
    "key": "dan_llu",
    "url": "assets/images/dan/dan_llu.png",
    "overwrite":false
},
{    
    "type": "image",
    "key": "dan_mm",
    "url": "assets/images/dan/dan_mm.png",
    "overwrite":false
},
{    
    "type": "image",
    "key": "dan_oh",
    "url": "assets/images/dan/dan_oh.png",
    "overwrite":false
}

]}